<?xml version="1.0" encoding="utf-8"?>
<feed xmlns="http://www.w3.org/2005/Atom">

 <title>Emerald | A simple Jekyll blog</title>
 <link href="http://localhost:4000/atom.xml" rel="self"/>
 <id>http://localhost:4000</id>
 <updated>2017-05-12T10:04:42-05:00</updated>
 <author>
   <name>Jacopo Rabolini</name>
   <uri>http://www.jacoporabolini.com</uri>
   <email>hello@jacoporabolini.com</email>
 </author>

 

 <entry>
   <title>Typograhy example</title>
   <link href="http://localhost:4000/typography"/>
   <id>http://localhost:4000/typography</id>
   <updated>2015-03-19T00:00:00-05:00</updated>
   <content type="html">&lt;p&gt;&lt;img src=&quot;/emerald/img/img-test.png&quot; alt=&quot;Test&quot; title=&quot;Test&quot; /&gt; Lorem ipsum dolor sit amet, &lt;a href=&quot;http://www.example.com&quot;&gt;consectetur adipisicing&lt;/a&gt; elit. Id, aliquam magni et officiis nemo nihil aliquid placeat alias. Eum voluptates ducimus, nobis ex illum laboriosam quidem corrupti impedit ratione in voluptatum amet beatae facilis temporibus voluptate praesentium voluptatibus! At ab, iusto error amet eveniet...</content>
 </entry>

 

 <entry>
   <title>Code Syntax</title>
   <link href="http://localhost:4000/code-syntax"/>
   <id>http://localhost:4000/code-syntax</id>
   <updated>2015-03-01T00:00:00-05:00</updated>
   <content type="html">&lt;p&gt;To insert highlight code inside of a post, it’s enough to use some specific tags, has directly described into the &lt;a href=&quot;http://jekyllrb.com/docs/templates/#code-snippet-highlighting&quot;&gt;Jekyll documentation&lt;/a&gt;. In this way the code will be included into a &lt;code class=&quot;highlighter-rouge&quot;&gt;.highlight&lt;/code&gt; CSS class and will be highlight according to the &lt;a href=&quot;https://github.com/mojombo/tpw/blob/master/css/syntax.css&quot;&gt;syntax.scss&lt;/a&gt; file. This is the...</content>
 </entry>

 

 <entry>
   <title>Example 8</title>
   <link href="http://localhost:4000/example-8"/>
   <id>http://localhost:4000/example-8</id>
   <updated>2015-02-15T00:00:00-05:00</updated>
   <content type="html">&lt;p&gt;Lorem ipsum dolor sit amet, consectetur adipisicing elit. Cupiditate est optio ut impedit architecto iusto tempore rem, voluptates sed magni nisi corrupti praesentium voluptatum harum expedita temporibus ipsam, odit ad distinctio! Labore cupiditate distinctio facere earum, iste! Reiciendis possimus voluptatum explicabo corporis ab. Ex adipisci laudantium mollitia vel optio deserunt...</content>
 </entry>

 

 <entry>
   <title>Example 7</title>
   <link href="http://localhost:4000/example-7"/>
   <id>http://localhost:4000/example-7</id>
   <updated>2015-02-15T00:00:00-05:00</updated>
   <content type="html">&lt;p&gt;Lorem ipsum dolor sit amet, consectetur adipisicing elit. Cupiditate est optio ut impedit architecto iusto tempore rem, voluptates sed magni nisi corrupti praesentium voluptatum harum expedita temporibus ipsam, odit ad distinctio! Labore cupiditate distinctio facere earum, iste! Reiciendis possimus voluptatum explicabo corporis ab. Ex adipisci laudantium mollitia vel optio deserunt...</content>
 </entry>

 

 <entry>
   <title>Example 6</title>
   <link href="http://localhost:4000/example-6"/>
   <id>http://localhost:4000/example-6</id>
   <updated>2015-02-15T00:00:00-05:00</updated>
   <content type="html">&lt;p&gt;Lorem ipsum dolor sit amet, consectetur adipisicing elit. Cupiditate est optio ut impedit architecto iusto tempore rem, voluptates sed magni nisi corrupti praesentium voluptatum harum expedita temporibus ipsam, odit ad distinctio! Labore cupiditate distinctio facere earum, iste! Reiciendis possimus voluptatum explicabo corporis ab. Ex adipisci laudantium mollitia vel optio deserunt...</content>
 </entry>

 

 <entry>
   <title>Example 5</title>
   <link href="http://localhost:4000/example-5"/>
   <id>http://localhost:4000/example-5</id>
   <updated>2015-02-15T00:00:00-05:00</updated>
   <content type="html">&lt;p&gt;Lorem ipsum dolor sit amet, consectetur adipisicing elit. Cupiditate est optio ut impedit architecto iusto tempore rem, voluptates sed magni nisi corrupti praesentium voluptatum harum expedita temporibus ipsam, odit ad distinctio! Labore cupiditate distinctio facere earum, iste! Reiciendis possimus voluptatum explicabo corporis ab. Ex adipisci laudantium mollitia vel optio deserunt...</content>
 </entry>

 

 <entry>
   <title>Example 4</title>
   <link href="http://localhost:4000/example-4"/>
   <id>http://localhost:4000/example-4</id>
   <updated>2015-02-15T00:00:00-05:00</updated>
   <content type="html">&lt;p&gt;Lorem ipsum dolor sit amet, consectetur adipisicing elit. Cupiditate est optio ut impedit architecto iusto tempore rem, voluptates sed magni nisi corrupti praesentium voluptatum harum expedita temporibus ipsam, odit ad distinctio! Labore cupiditate distinctio facere earum, iste! Reiciendis possimus voluptatum explicabo corporis ab. Ex adipisci laudantium mollitia vel optio deserunt...</content>
 </entry>

 

 <entry>
   <title>Example 3</title>
   <link href="http://localhost:4000/example-3"/>
   <id>http://localhost:4000/example-3</id>
   <updated>2015-02-15T00:00:00-05:00</updated>
   <content type="html">&lt;p&gt;Lorem ipsum dolor sit amet, consectetur adipisicing elit. Cupiditate est optio ut impedit architecto iusto tempore rem, voluptates sed magni nisi corrupti praesentium voluptatum harum expedita temporibus ipsam, odit ad distinctio! Labore cupiditate distinctio facere earum, iste! Reiciendis possimus voluptatum explicabo corporis ab. Ex adipisci laudantium mollitia vel optio deserunt...</content>
 </entry>

 

 <entry>
   <title>Example 2</title>
   <link href="http://localhost:4000/example-2"/>
   <id>http://localhost:4000/example-2</id>
   <updated>2015-02-15T00:00:00-05:00</updated>
   <content type="html">&lt;p&gt;Lorem ipsum dolor sit amet, consectetur adipisicing elit. Cupiditate est optio ut impedit architecto iusto tempore rem, voluptates sed magni nisi corrupti praesentium voluptatum harum expedita temporibus ipsam, odit ad distinctio! Labore cupiditate distinctio facere earum, iste! Reiciendis possimus voluptatum explicabo corporis ab. Ex adipisci laudantium mollitia vel optio deserunt...</content>
 </entry>

 

 <entry>
   <title>Example 1</title>
   <link href="http://localhost:4000/example-1"/>
   <id>http://localhost:4000/example-1</id>
   <updated>2015-02-15T00:00:00-05:00</updated>
   <content type="html">&lt;p&gt;Lorem ipsum dolor sit amet, consectetur adipisicing elit. Cupiditate est optio ut impedit architecto iusto tempore rem, voluptates sed magni nisi corrupti praesentium voluptatum harum expedita temporibus ipsam, odit ad distinctio! Labore cupiditate distinctio facere earum, iste! Reiciendis possimus voluptatum explicabo corporis ab. Ex adipisci laudantium mollitia vel optio deserunt...</content>
 </entry>

 

</feed>